{"assets/audio/warmth-of-the-sun-adi-goldstein.mp3":["assets/audio/warmth-of-the-sun-adi-goldstein.mp3"],"assets/fonts/Aleo-Regular.ttf":["assets/fonts/Aleo-Regular.ttf"],"assets/fonts/NanumBrushScript-Regular.ttf":["assets/fonts/NanumBrushScript-Regular.ttf"],"assets/images/.DS_Store":["assets/images/.DS_Store"],"assets/images/gui/back.png":["assets/images/gui/back.png"],"assets/images/gui/backhover.png":["assets/images/gui/backhover.png"],"assets/images/gui/button_scroll_01.png":["assets/images/gui/button_scroll_01.png"],"assets/images/gui/button_scroll_02.png":["assets/images/gui/button_scroll_02.png"],"assets/images/gui/fastforwardhover.png":["assets/images/gui/fastforwardhover.png"],"assets/images/gui/full.png":["assets/images/gui/full.png"],"assets/images/gui/fullhover.png":["assets/images/gui/fullhover.png"],"assets/images/gui/icon_hover_scroll_04.png":["assets/images/gui/icon_hover_scroll_04.png"],"assets/images/gui/icon_hover_scroll_06.png":["assets/images/gui/icon_hover_scroll_06.png"],"assets/images/gui/icon_hover_scroll_07.png":["assets/images/gui/icon_hover_scroll_07.png"],"assets/images/gui/icon_hover_scroll_08.png":["assets/images/gui/icon_hover_scroll_08.png"],"assets/images/gui/icon_hover_scroll_09.png":["assets/images/gui/icon_hover_scroll_09.png"],"assets/images/gui/loadhover.png":["assets/images/gui/loadhover.png"],"assets/images/gui/menu_scroll_01.png":["assets/images/gui/menu_scroll_01.png"],"assets/images/gui/menu_scroll_02.png":["assets/images/gui/menu_scroll_02.png"],"assets/images/gui/menu_scroll_03.png":["assets/images/gui/menu_scroll_03.png"],"assets/images/gui/menu_scroll_04.png":["assets/images/gui/menu_scroll_04.png"],"assets/images/gui/menu_scroll_05.png":["assets/images/gui/menu_scroll_05.png"],"assets/images/gui/menu_scroll_06.png":["assets/images/gui/menu_scroll_06.png"],"assets/images/gui/more.png":["assets/images/gui/more.png"],"assets/images/gui/morehover.png":["assets/images/gui/morehover.png"],"assets/images/gui/paintbrush_scroll_02.png":["assets/images/gui/paintbrush_scroll_02.png"],"assets/images/gui/pausehover.png":["assets/images/gui/pausehover.png"],"assets/images/gui/play.png":["assets/images/gui/play.png"],"assets/images/gui/playhover.png":["assets/images/gui/playhover.png"],"assets/images/gui/savehover.png":["assets/images/gui/savehover.png"],"assets/images/gui/soundhover.png":["assets/images/gui/soundhover.png"],"assets/images/gui/textbox_scroll_03.png":["assets/images/gui/textbox_scroll_03.png"],"assets/images/gui/textbox_scroll_04.png":["assets/images/gui/textbox_scroll_04.png"],"assets/images/img1.jpg":["assets/images/img1.jpg"],"assets/images/main.jpg":["assets/images/main.jpg"],"assets/images/sprites/MC_Blush.png":["assets/images/sprites/MC_Blush.png"],"assets/images/sprites/hidetake_neutral.png":["assets/images/sprites/hidetake_neutral.png"],"assets/images/sprites/naoki_neutral.png":["assets/images/sprites/naoki_neutral.png"],"assets/images/sprites/tom_neutral.png":["assets/images/sprites/tom_neutral.png"],"assets/images/sprites/transparent.png":["assets/images/sprites/transparent.png"],"assets/languages/de.json":["assets/languages/de.json"],"assets/languages/en.json":["assets/languages/en.json"],"packages/cupertino_icons/assets/CupertinoIcons.ttf":["packages/cupertino_icons/assets/CupertinoIcons.ttf"],"packages/easy_localization/i18n/ar-DZ.json":["packages/easy_localization/i18n/ar-DZ.json"],"packages/easy_localization/i18n/ar.json":["packages/easy_localization/i18n/ar.json"],"packages/easy_localization/i18n/en-US.json":["packages/easy_localization/i18n/en-US.json"],"packages/easy_localization/i18n/en.json":["packages/easy_localization/i18n/en.json"]}